-- phpMyAdmin SQL Dump
-- version 5.2.1
-- https://www.phpmyadmin.net/
--
-- Host: 127.0.0.1
-- Generation Time: Nov 07, 2024 at 11:51 AM
-- Server version: 10.4.32-MariaDB
-- PHP Version: 8.2.12

SET SQL_MODE = "NO_AUTO_VALUE_ON_ZERO";
START TRANSACTION;
SET time_zone = "+00:00";


/*!40101 SET @OLD_CHARACTER_SET_CLIENT=@@CHARACTER_SET_CLIENT */;
/*!40101 SET @OLD_CHARACTER_SET_RESULTS=@@CHARACTER_SET_RESULTS */;
/*!40101 SET @OLD_COLLATION_CONNECTION=@@COLLATION_CONNECTION */;
/*!40101 SET NAMES utf8mb4 */;

--
-- Database: `inventory_db`
--

-- --------------------------------------------------------

--
-- Table structure for table `barang`
--

CREATE TABLE `barang` (
  `BarangID` int(11) NOT NULL,
  `NamaBarang` varchar(50) DEFAULT NULL,
  `JenisBarang` int(8) DEFAULT NULL,
  `Stok` int(16) NOT NULL
) ENGINE=InnoDB DEFAULT CHARSET=utf8mb4 COLLATE=utf8mb4_general_ci;

--
-- Dumping data for table `barang`
--

INSERT INTO `barang` (`BarangID`, `NamaBarang`, `JenisBarang`, `Stok`) VALUES
(1, 'Sampo', 2, 235),
(2, 'Pasta Gigi', 2, 101),
(3, 'Teh', 1, 90),
(4, 'Pasta Macaron', 1, 50),
(5, 'Sabun Mandi', 2, 800),
(6, 'Kopi', 1, 123),
(7, 'Beras Bulog', 1, 1244),
(8, 'Sabun Muka', 2, 214),
(9, 'Susu', 1, 990),
(10, 'Gula', 1, 335),
(11, 'Detergen', 2, 234);

-- --------------------------------------------------------

--
-- Table structure for table `jenis_barang`
--

CREATE TABLE `jenis_barang` (
  `JenisBarangID` int(11) NOT NULL,
  `Nama` varchar(124) DEFAULT NULL
) ENGINE=InnoDB DEFAULT CHARSET=utf8mb4 COLLATE=utf8mb4_general_ci;

--
-- Dumping data for table `jenis_barang`
--

INSERT INTO `jenis_barang` (`JenisBarangID`, `Nama`) VALUES
(1, 'Konsumsi'),
(2, 'Pembersih');

-- --------------------------------------------------------

--
-- Table structure for table `transaksi`
--

CREATE TABLE `transaksi` (
  `TransaksiID` int(11) NOT NULL,
  `BarangID` int(11) DEFAULT NULL,
  `JumlahTerjual` int(11) DEFAULT NULL,
  `TanggalTransaksi` date DEFAULT NULL
) ENGINE=InnoDB DEFAULT CHARSET=utf8mb4 COLLATE=utf8mb4_general_ci;

--
-- Dumping data for table `transaksi`
--

INSERT INTO `transaksi` (`TransaksiID`, `BarangID`, `JumlahTerjual`, `TanggalTransaksi`) VALUES
(1, 2, 40, '2024-05-28'),
(2, 10, 234, '2024-03-09'),
(3, 6, 58, '2023-04-10'),
(4, 6, 22, '2023-10-01'),
(5, 2, 280, '2023-08-17'),
(6, 2, 79, '2024-01-21'),
(7, 1, 181, '2023-05-24'),
(8, 6, 241, '2021-08-11'),
(9, 2, 133, '2021-02-23'),
(10, 1, 135, '2021-07-04'),
(11, 5, 53, '2022-02-06'),
(12, 3, 146, '2024-05-17'),
(13, 1, 112, '2024-08-09'),
(14, 8, 89, '2022-05-25'),
(15, 6, 262, '2023-05-10'),
(16, 3, 84, '2024-09-02'),
(17, 9, 116, '2023-01-10'),
(18, 10, 116, '2021-10-09'),
(19, 4, 267, '2024-08-25'),
(20, 8, 97, '2021-03-16'),
(21, 2, 13, '2022-06-30'),
(22, 2, 126, '2023-05-02'),
(23, 8, 300, '2021-10-25'),
(24, 1, 111, '2022-07-20'),
(25, 4, 92, '2021-08-20'),
(26, 3, 164, '2021-02-01'),
(27, 9, 36, '2022-03-11'),
(28, 3, 224, '2024-02-23'),
(29, 3, 104, '2023-04-17'),
(30, 7, 241, '2021-09-02'),
(31, 1, 262, '2023-07-19'),
(32, 7, 175, '2022-11-18'),
(33, 9, 72, '2024-03-10'),
(34, 3, 24, '2023-09-21'),
(35, 1, 84, '2024-09-28'),
(36, 4, 52, '2023-11-15'),
(37, 3, 151, '2023-04-12'),
(38, 8, 226, '2022-05-14'),
(39, 5, 89, '2023-05-27'),
(40, 1, 126, '2024-07-02'),
(41, 8, 277, '2022-06-17'),
(42, 6, 288, '2023-09-05'),
(43, 8, 222, '2024-04-10'),
(44, 1, 188, '2021-05-27'),
(45, 9, 138, '2023-10-22'),
(46, 6, 104, '2022-12-21'),
(47, 3, 12, '2022-09-16'),
(48, 10, 24, '2024-07-26'),
(49, 10, 33, '2023-09-25'),
(50, 9, 84, '2022-12-09'),
(51, 7, 69, '2022-12-06'),
(52, 7, 36, '2023-02-05'),
(53, 1, 49, '2023-04-13'),
(54, 1, 263, '2024-01-31'),
(55, 10, 63, '2023-01-13'),
(56, 5, 165, '2021-02-12'),
(57, 8, 157, '2023-12-31'),
(58, 8, 263, '2021-12-17'),
(59, 3, 163, '2024-10-14'),
(60, 10, 266, '2023-09-25'),
(61, 3, 40, '2022-06-04'),
(62, 6, 191, '2021-01-06'),
(63, 6, 125, '2024-05-06'),
(64, 2, 161, '2023-03-24'),
(65, 1, 60, '2024-08-25'),
(66, 10, 288, '2021-07-13'),
(67, 5, 126, '2022-09-06'),
(68, 5, 212, '2021-08-12'),
(69, 7, 269, '2024-06-21'),
(70, 6, 198, '2022-12-25'),
(71, 4, 62, '2024-05-24'),
(72, 4, 271, '2023-06-13'),
(73, 7, 5, '2023-09-15'),
(74, 10, 158, '2022-12-07'),
(75, 10, 166, '2022-05-30'),
(76, 9, 176, '2021-04-30'),
(77, 6, 10, '2022-03-23'),
(78, 3, 274, '2023-08-22'),
(79, 6, 76, '2022-05-14'),
(80, 9, 115, '2021-12-24'),
(81, 7, 199, '2023-08-19'),
(82, 5, 103, '2024-09-01'),
(83, 9, 233, '2023-10-01'),
(84, 2, 64, '2024-06-10'),
(85, 6, 194, '2023-01-19'),
(86, 7, 267, '2024-09-04'),
(87, 7, 11, '2022-05-11'),
(88, 3, 207, '2023-05-21'),
(89, 1, 46, '2022-12-12'),
(90, 5, 299, '2024-05-14'),
(91, 5, 233, '2022-05-03'),
(92, 10, 169, '2024-08-14'),
(93, 6, 150, '2024-03-14'),
(94, 9, 48, '2021-05-16'),
(95, 4, 94, '2022-04-27'),
(96, 7, 187, '2022-01-29'),
(97, 7, 7, '2023-11-29'),
(98, 7, 260, '2024-05-24'),
(99, 7, 152, '2024-04-07'),
(100, 3, 175, '2021-06-04'),
(101, 1, 189, '2023-02-07'),
(102, 6, 210, '2024-08-24'),
(103, 2, 214, '2024-08-06'),
(104, 3, 240, '2021-07-24'),
(105, 8, 125, '2024-07-20'),
(106, 1, 109, '2022-07-01'),
(107, 9, 275, '2023-10-22'),
(108, 2, 116, '2024-04-10'),
(109, 8, 40, '2023-09-08'),
(110, 4, 169, '2024-01-16'),
(111, 6, 120, '2021-07-03'),
(112, 4, 171, '2021-10-28'),
(113, 8, 5, '2024-01-20'),
(114, 2, 240, '2022-04-13'),
(115, 4, 175, '2021-06-30'),
(116, 8, 186, '2022-08-03'),
(117, 5, 44, '2023-11-28'),
(118, 9, 254, '2024-02-24'),
(119, 5, 54, '2023-03-17'),
(120, 10, 88, '2022-02-21'),
(121, 6, 40, '2024-05-02'),
(122, 5, 24, '2024-03-11'),
(123, 1, 43, '2023-08-02'),
(124, 2, 10, '2021-12-10'),
(125, 6, 117, '2021-06-12'),
(126, 9, 75, '2023-02-19'),
(127, 6, 219, '2022-04-15'),
(128, 5, 250, '2024-01-29'),
(129, 6, 79, '2022-05-01'),
(130, 4, 183, '2021-08-26'),
(131, 8, 38, '2021-07-11'),
(132, 7, 24, '2021-01-13'),
(133, 1, 66, '2022-05-27'),
(134, 10, 251, '2021-08-21'),
(135, 9, 299, '2022-10-06'),
(136, 1, 177, '2021-04-14'),
(137, 2, 155, '2022-09-26'),
(138, 2, 89, '2023-07-11'),
(139, 10, 48, '2021-03-11'),
(140, 4, 237, '2023-08-26'),
(141, 2, 97, '2023-11-14'),
(142, 6, 259, '2024-10-31'),
(143, 1, 178, '2022-10-09'),
(144, 6, 149, '2024-05-27'),
(145, 5, 164, '2024-04-04'),
(146, 4, 96, '2024-06-22'),
(147, 3, 262, '2021-07-29'),
(148, 9, 51, '2022-03-27'),
(149, 9, 273, '2023-02-20'),
(150, 3, 184, '2021-03-21'),
(151, 10, 220, '2023-08-17'),
(152, 7, 199, '2022-01-10'),
(153, 5, 77, '2021-11-10'),
(154, 9, 179, '2023-06-28'),
(155, 2, 287, '2022-04-20'),
(156, 5, 27, '2022-05-17'),
(157, 1, 275, '2021-11-10'),
(158, 2, 90, '2023-06-15'),
(159, 3, 208, '2024-04-08'),
(160, 3, 39, '2024-06-27'),
(161, 6, 37, '2023-01-17'),
(162, 7, 18, '2023-06-24'),
(163, 2, 119, '2022-10-31'),
(164, 2, 156, '2023-04-13'),
(165, 5, 16, '2021-12-28'),
(166, 7, 80, '2022-01-17'),
(167, 4, 82, '2023-03-02'),
(168, 5, 275, '2023-11-22'),
(169, 5, 246, '2022-02-01'),
(170, 4, 203, '2022-12-10'),
(171, 2, 116, '2021-10-12'),
(172, 8, 196, '2023-03-20'),
(173, 2, 34, '2021-10-14'),
(174, 6, 134, '2024-05-17'),
(175, 1, 193, '2021-01-25'),
(176, 4, 99, '2024-04-21'),
(177, 1, 189, '2023-09-22'),
(178, 3, 110, '2024-02-13'),
(179, 3, 82, '2024-03-05'),
(180, 5, 25, '2021-01-31'),
(181, 1, 194, '2021-10-30'),
(182, 1, 49, '2023-01-31'),
(183, 8, 84, '2023-01-22'),
(184, 8, 7, '2024-05-07'),
(185, 4, 76, '2022-04-18'),
(186, 3, 105, '2021-01-08'),
(187, 10, 30, '2021-08-08'),
(188, 10, 73, '2023-06-23'),
(189, 6, 212, '2022-03-06'),
(190, 6, 268, '2024-07-28'),
(191, 2, 59, '2023-11-24'),
(192, 10, 260, '2024-11-03'),
(193, 8, 74, '2022-02-19'),
(194, 8, 263, '2021-11-08'),
(195, 3, 281, '2024-01-20'),
(196, 9, 215, '2021-04-26'),
(197, 10, 291, '2023-02-12'),
(198, 2, 205, '2021-01-16'),
(199, 9, 197, '2024-01-26'),
(200, 2, 267, '2023-01-23'),
(201, 7, 236, '2024-02-02'),
(202, 8, 138, '2022-06-30'),
(203, 3, 240, '2021-12-02'),
(204, 2, 127, '2023-11-11'),
(205, 4, 82, '2023-10-20'),
(206, 4, 275, '2023-09-20'),
(207, 3, 251, '2023-09-16'),
(208, 7, 156, '2024-03-30'),
(209, 3, 278, '2022-01-28'),
(210, 7, 233, '2024-07-17'),
(211, 10, 6, '2023-02-23'),
(212, 5, 67, '2023-03-10'),
(213, 5, 262, '2021-07-17'),
(214, 6, 32, '2022-09-26'),
(215, 6, 84, '2022-05-21'),
(216, 1, 257, '2021-07-22'),
(217, 8, 175, '2024-10-18'),
(218, 7, 27, '2021-12-21'),
(219, 4, 143, '2022-12-24'),
(220, 1, 121, '2022-07-03'),
(221, 4, 171, '2024-06-14'),
(222, 8, 59, '2021-01-18'),
(223, 4, 163, '2023-04-14'),
(224, 4, 136, '2023-08-02'),
(225, 8, 167, '2024-10-06'),
(226, 6, 74, '2024-05-24'),
(227, 3, 235, '2023-04-30'),
(228, 2, 91, '2024-01-25'),
(229, 5, 142, '2021-09-28'),
(230, 4, 245, '2022-12-30'),
(231, 3, 227, '2021-06-28'),
(232, 10, 206, '2022-06-21'),
(233, 9, 35, '2021-09-24'),
(234, 4, 45, '2022-04-05'),
(235, 3, 45, '2022-12-13'),
(236, 2, 92, '2023-09-08'),
(237, 9, 291, '2022-08-05'),
(238, 2, 63, '2022-03-05'),
(239, 2, 186, '2022-02-26'),
(240, 6, 182, '2022-04-11'),
(241, 4, 292, '2024-09-23'),
(242, 6, 19, '2021-07-19'),
(243, 8, 223, '2022-07-21'),
(244, 10, 264, '2024-10-17'),
(245, 6, 222, '2022-01-11'),
(246, 8, 12, '2023-10-21'),
(247, 9, 174, '2023-12-10'),
(248, 7, 279, '2023-09-02'),
(249, 9, 218, '2022-10-20'),
(250, 3, 12, '2021-09-22'),
(251, 5, 278, '2021-08-12'),
(252, 10, 58, '2022-11-03'),
(253, 7, 17, '2021-05-12'),
(254, 6, 234, '2024-09-08'),
(255, 3, 166, '2024-04-20'),
(256, 10, 198, '2021-04-07'),
(257, 5, 240, '2021-06-12'),
(258, 4, 262, '2022-06-21'),
(259, 2, 50, '2022-03-10'),
(260, 8, 6, '2024-09-18'),
(261, 1, 97, '2021-02-22'),
(262, 5, 267, '2024-04-13'),
(263, 8, 260, '2021-04-06'),
(264, 4, 137, '2021-11-11'),
(265, 2, 285, '2021-07-22'),
(266, 9, 229, '2023-04-10'),
(267, 3, 130, '2023-02-07'),
(268, 6, 36, '2024-08-29'),
(269, 5, 124, '2024-04-27'),
(270, 2, 244, '2024-10-27'),
(271, 8, 149, '2021-10-12'),
(272, 4, 79, '2023-12-29'),
(273, 2, 193, '2021-05-19'),
(274, 5, 270, '2024-09-17'),
(275, 8, 75, '2022-05-07'),
(276, 9, 273, '2022-12-22'),
(277, 5, 106, '2024-07-06'),
(278, 2, 128, '2022-04-05'),
(279, 8, 13, '2024-10-17'),
(280, 5, 114, '2022-05-23'),
(281, 9, 192, '2022-06-10'),
(282, 6, 22, '2023-10-30'),
(283, 1, 154, '2021-06-28'),
(284, 9, 21, '2023-03-21'),
(285, 10, 136, '2024-07-15'),
(286, 7, 15, '2022-04-10'),
(287, 5, 44, '2023-10-19'),
(288, 7, 5, '2023-04-23'),
(289, 1, 231, '2024-09-13'),
(290, 2, 292, '2022-01-23'),
(291, 10, 16, '2022-07-03'),
(292, 5, 297, '2024-10-16'),
(293, 10, 171, '2021-01-30'),
(294, 10, 73, '2021-04-14'),
(295, 5, 51, '2024-01-12'),
(296, 6, 62, '2021-11-28'),
(297, 10, 181, '2024-05-31'),
(298, 2, 129, '2022-02-10'),
(299, 3, 200, '2021-08-05'),
(300, 1, 63, '2022-04-02'),
(301, 5, 21, '2024-10-31'),
(302, 8, 98, '2024-11-07'),
(303, 4, 99, '2024-11-07'),
(304, 11, 900, '2024-11-03'),
(305, 11, 55, '2024-11-07'),
(324, 1, 8, '2024-07-10'),
(325, 4, 898, '2024-11-04'),
(326, 3, 10, '2024-11-07'),
(327, 2, 65, '2024-11-07'),
(328, 5, 78, '2024-11-07');

--
-- Indexes for dumped tables
--

--
-- Indexes for table `barang`
--
ALTER TABLE `barang`
  ADD PRIMARY KEY (`BarangID`),
  ADD KEY `JenisBarang` (`JenisBarang`);

--
-- Indexes for table `jenis_barang`
--
ALTER TABLE `jenis_barang`
  ADD PRIMARY KEY (`JenisBarangID`);

--
-- Indexes for table `transaksi`
--
ALTER TABLE `transaksi`
  ADD PRIMARY KEY (`TransaksiID`),
  ADD KEY `BarangID` (`BarangID`);

--
-- AUTO_INCREMENT for dumped tables
--

--
-- AUTO_INCREMENT for table `barang`
--
ALTER TABLE `barang`
  MODIFY `BarangID` int(11) NOT NULL AUTO_INCREMENT, AUTO_INCREMENT=16;

--
-- AUTO_INCREMENT for table `jenis_barang`
--
ALTER TABLE `jenis_barang`
  MODIFY `JenisBarangID` int(11) NOT NULL AUTO_INCREMENT, AUTO_INCREMENT=6;

--
-- AUTO_INCREMENT for table `transaksi`
--
ALTER TABLE `transaksi`
  MODIFY `TransaksiID` int(11) NOT NULL AUTO_INCREMENT, AUTO_INCREMENT=329;

--
-- Constraints for dumped tables
--

--
-- Constraints for table `barang`
--
ALTER TABLE `barang`
  ADD CONSTRAINT `barang_ibfk_1` FOREIGN KEY (`JenisBarang`) REFERENCES `jenis_barang` (`JenisBarangID`);

--
-- Constraints for table `transaksi`
--
ALTER TABLE `transaksi`
  ADD CONSTRAINT `transaksi_ibfk_1` FOREIGN KEY (`BarangID`) REFERENCES `barang` (`BarangID`);
COMMIT;

/*!40101 SET CHARACTER_SET_CLIENT=@OLD_CHARACTER_SET_CLIENT */;
/*!40101 SET CHARACTER_SET_RESULTS=@OLD_CHARACTER_SET_RESULTS */;
/*!40101 SET COLLATION_CONNECTION=@OLD_COLLATION_CONNECTION */;
